,FI,gene_name
0,0.21268974,ENSG00000276168.1
1,0.13526449,ENSG00000263740.2
2,0.16772027,ENSG00000133048.13
3,0.18311639,ENSG00000265735.2
4,0.20672616,ENSG00000202058.1
5,0.12563701,ENSG00000198695.2
6,0.11997398,ENSG00000252010.1
7,0.104136266,ENSG00000198763.3
8,0.19180506,ENSG00000129824.16
9,0.20342876,ENSG00000200312.1
10,0.08848261,ENSG00000198899.2
11,0.09302537,ENSG00000012223.13
12,0.08981925,ENSG00000198888.2
13,0.12173884,ENSG00000201428.1
14,0.094962485,ENSG00000198886.2
15,0.1713272,ENSG00000184357.5
16,0.098160595,ENSG00000212232.1
17,0.093889594,ENSG00000168298.7
18,0.09668173,ENSG00000278771.1
19,0.11495787,ENSG00000229807.12
20,0.110990584,ENSG00000248527.1
21,0.28482568,ENSG00000228253.1
22,0.21120009,ENSG00000200087.1
23,0.12837528,ENSG00000200488.1
24,0.15775277,ENSG00000198840.2
25,0.0878928,ENSG00000286522.2
26,0.082220756,ENSG00000197061.5
27,0.12513795,ENSG00000133110.15
28,0.10719104,ENSG00000239899.3
29,0.19748634,ENSG00000198727.2
30,0.18861969,ENSG00000276966.2
31,0.16893671,ENSG00000212907.2
32,0.111046426,ENSG00000238741.1
33,0.13490279,ENSG00000277775.2
34,0.089000136,ENSG00000271394.1
35,0.12969759,ENSG00000012817.16
36,0.12546119,ENSG00000277157.2
37,0.09382672,ENSG00000202538.1
38,0.11841114,ENSG00000124575.7
39,0.18294348,ENSG00000067048.17
40,0.11508335,ENSG00000251791.1
41,0.16322961,ENSG00000114374.13
42,0.11262237,ENSG00000198786.2
43,0.13915494,ENSG00000201793.1
44,0.18599336,ENSG00000225630.1
45,0.14090419,ENSG00000198732.11
46,0.12779535,ENSG00000287080.2
47,0.20014647,ENSG00000104888.10
48,0.082555115,ENSG00000168542.16
49,0.12300129,ENSG00000184260.6
50,0.22046074,ENSG00000145423.5
51,0.09940533,ENSG00000278705.1
52,0.17273033,ENSG00000240869.3
53,0.10476822,ENSG00000276410.4
54,0.18914428,ENSG00000273983.1
55,0.1824955,ENSG00000168314.17
56,0.09864953,ENSG00000180596.7
57,0.13272335,ENSG00000275395.6
58,0.09587302,ENSG00000115457.10
59,0.13830286,ENSG00000198712.1
60,0.16194473,ENSG00000274997.2
61,0.10326452,ENSG00000277586.4
62,0.11568654,ENSG00000064886.14
63,0.26251665,ENSG00000108846.16
64,0.24315928,ENSG00000247627.2
65,0.13268048,ENSG00000100181.22
66,0.13858627,ENSG00000196787.3
67,0.078509815,ENSG00000200795.1
68,0.08602245,ENSG00000176884.16
69,0.30918816,ENSG00000231419.6
70,0.18559465,ENSG00000108821.14
71,0.14302905,ENSG00000166741.8
72,0.1347167,ENSG00000277075.2
73,0.23684587,ENSG00000145920.15
74,0.09431609,ENSG00000274641.2
75,0.1162554,ENSG00000239437.3
76,0.11288815,ENSG00000162493.16
77,0.1522314,ENSG00000102265.12
78,0.27752388,ENSG00000177575.13
79,0.11738699,ENSG00000164089.9
80,0.27965918,ENSG00000148798.11
81,0.120781995,ENSG00000079931.15
82,0.087978154,ENSG00000170091.11
83,0.21220851,ENSG00000131002.12
84,0.106841765,ENSG00000275713.2
85,0.115350105,ENSG00000105695.15
86,0.23849754,ENSG00000278637.2
87,0.10272634,ENSG00000144230.16
88,0.14744295,ENSG00000196747.4
89,0.07530315,ENSG00000197430.11
90,0.26441765,ENSG00000183878.15
91,0.112344034,ENSG00000263934.5
92,0.11712477,ENSG00000165246.14
93,0.09194179,ENSG00000154146.13
94,0.11121424,ENSG00000244642.3
95,0.18257642,ENSG00000252835.1
96,0.1969215,ENSG00000163359.16
97,0.10236995,ENSG00000278463.2
98,0.098997675,ENSG00000197971.16
99,0.09278142,ENSG00000278828.1
100,0.0790579,ENSG00000241529.3
101,0.17612773,ENSG00000163032.12
102,0.11539504,ENSG00000106366.9
103,0.12038814,ENSG00000274618.2
104,0.08660892,ENSG00000104722.14
105,0.1030874,ENSG00000070808.16
106,0.15873523,ENSG00000275620.1
107,0.14717363,ENSG00000124507.11
108,0.27673638,ENSG00000124491.16
109,0.10773857,ENSG00000119283.15
110,0.086251356,ENSG00000197714.9
111,0.21167813,ENSG00000198692.10
112,0.08702076,ENSG00000124635.9
113,0.08956816,ENSG00000106511.6
114,0.09464353,ENSG00000090932.11
115,0.15674128,ENSG00000275714.2
116,0.16120066,ENSG00000169429.11
117,0.24238287,ENSG00000187837.4
118,0.22451448,ENSG00000134668.12
119,0.110251255,ENSG00000273802.2
120,0.08912557,ENSG00000104435.14
121,0.11888091,ENSG00000187398.12
122,0.11587813,ENSG00000204655.12
123,0.103086844,ENSG00000278588.2
124,0.11537396,ENSG00000265078.2
125,0.4105524,ENSG00000141469.18
126,0.1749833,ENSG00000119973.6
127,0.11897225,ENSG00000201901.1
128,0.2622569,ENSG00000137801.11
129,0.11566901,ENSG00000286214.1
130,0.14205055,ENSG00000201098.1
131,0.09430252,ENSG00000130600.19
132,0.27773166,ENSG00000266019.1
133,0.09510916,ENSG00000113327.17
134,0.14009742,ENSG00000187498.16
135,0.11625088,ENSG00000144278.15
136,0.09831845,ENSG00000200243.1
137,0.12691002,ENSG00000100604.13
138,0.122985296,ENSG00000116147.17
139,0.12530576,ENSG00000144810.16
140,0.14289609,ENSG00000275379.2
141,0.108287595,ENSG00000150275.19
142,0.1735869,ENSG00000134184.13
143,0.24520606,ENSG00000276281.1
144,0.13168871,ENSG00000163285.8
145,0.15482748,ENSG00000166897.16
146,0.09108199,ENSG00000006611.17
147,0.15024805,ENSG00000100985.7
148,0.11659487,ENSG00000203814.6
149,0.13081338,ENSG00000172987.13
150,0.1779538,ENSG00000105251.11
151,0.14000754,ENSG00000211896.7
152,0.14266331,ENSG00000170439.7
153,0.09821463,ENSG00000275126.2
154,0.13906962,ENSG00000022355.18
155,0.24075165,ENSG00000067715.14
156,0.26961443,ENSG00000181722.17
157,0.101935275,ENSG00000183598.4
158,0.08609397,ENSG00000276368.2
159,0.07891768,ENSG00000184270.6
160,0.08399743,ENSG00000198910.14
161,0.29301068,ENSG00000101203.16
162,0.14019065,ENSG00000132639.13
163,0.107927434,ENSG00000106018.14
164,0.09233469,ENSG00000173432.12
165,0.13044165,ENSG00000074317.11
166,0.115073055,ENSG00000136541.15
167,0.099356934,ENSG00000008056.14
168,0.25398672,ENSG00000275014.1
169,0.18205728,ENSG00000065609.14
170,0.099736765,ENSG00000184557.4
171,0.09907354,ENSG00000197153.5
172,0.108098656,ENSG00000154975.14
173,0.1084374,ENSG00000164692.18
174,0.19169067,ENSG00000202512.1
175,0.10071269,ENSG00000185518.12
176,0.16401558,ENSG00000122176.12
177,0.24472325,ENSG00000067646.12
178,0.1074251,ENSG00000135046.14
179,0.09547308,ENSG00000183166.11
180,0.20371279,ENSG00000254139.1
181,0.13936396,ENSG00000240583.13
182,0.31618965,ENSG00000130635.16
183,0.14080082,ENSG00000188011.5
184,0.110411875,ENSG00000095713.14
185,0.27031833,ENSG00000142173.16
186,0.113237545,ENSG00000089199.10
187,0.092088915,ENSG00000166111.10
188,0.102432445,ENSG00000251562.8
189,0.16403355,ENSG00000210082.2
190,0.12148594,ENSG00000185130.5
191,0.2426162,ENSG00000188257.12
192,0.15157498,ENSG00000153820.13
193,0.1219624,ENSG00000240474.3
194,0.23611961,ENSG00000263426.2
195,0.12913759,ENSG00000196990.9
196,0.12650432,ENSG00000166448.15
197,0.119639516,ENSG00000198734.12
198,0.13817717,ENSG00000154118.13
199,0.08673548,ENSG00000177511.6
200,0.18865721,ENSG00000145824.13
201,0.13742596,ENSG00000186487.20
202,0.18931624,ENSG00000265763.4
203,0.2143931,ENSG00000167654.18
204,0.088588126,ENSG00000150656.15
205,0.18278599,ENSG00000053438.11
206,0.10057306,ENSG00000172508.10
207,0.39634585,ENSG00000128564.7
208,0.2143842,ENSG00000183798.5
209,0.08244464,ENSG00000170419.11
210,0.14305066,ENSG00000211592.8
211,0.21020755,ENSG00000130540.14
212,0.09615892,ENSG00000089169.15
213,0.1766011,ENSG00000226278.1
214,0.12720136,ENSG00000244734.4
215,0.12201683,ENSG00000100146.18
216,0.12947847,ENSG00000166206.15
217,0.10531495,ENSG00000200783.1
218,0.083011284,ENSG00000164796.18
219,0.10878671,ENSG00000158406.5
220,0.13941972,ENSG00000181418.8
221,0.2608316,ENSG00000006016.11
222,0.11565726,ENSG00000118785.14
223,0.15642434,ENSG00000163395.17
224,0.14891799,ENSG00000132872.12
225,0.117506616,ENSG00000184221.13
226,0.10081185,ENSG00000142227.11
227,0.19093579,ENSG00000151892.15
228,0.18136838,ENSG00000188404.10
229,0.13351324,ENSG00000175874.10
230,0.12496781,ENSG00000148926.10
231,0.107782766,ENSG00000261678.3
232,0.09564177,ENSG00000150893.11
233,0.09684036,ENSG00000120708.17
234,0.09747516,ENSG00000199831.1
235,0.14442796,ENSG00000276903.2
236,0.08346342,ENSG00000125851.10
237,0.11879631,ENSG00000123560.14
238,0.12094721,ENSG00000136231.14
239,0.14722693,ENSG00000064787.13
240,0.110019445,ENSG00000249307.7
241,0.09918718,ENSG00000029559.7
242,0.104291834,ENSG00000197106.7
243,0.15208058,ENSG00000107295.10
244,0.11161598,ENSG00000131747.15
245,0.18756281,ENSG00000265185.6
246,0.13445543,ENSG00000275090.1
247,0.19895074,ENSG00000019505.8
248,0.14275904,ENSG00000077279.19
249,0.109983355,ENSG00000212464.1
250,0.09811591,ENSG00000172346.15
251,0.117031544,ENSG00000260807.7
252,0.22448659,ENSG00000074211.14
253,0.09169939,ENSG00000119125.17
254,0.16082455,ENSG00000254122.3
255,0.102598086,ENSG00000148123.15
256,0.10874442,ENSG00000128591.16
257,0.19487563,ENSG00000146648.19
258,0.13664255,ENSG00000171246.6
259,0.15719947,ENSG00000253846.2
260,0.20016755,ENSG00000187094.12
261,0.17522247,ENSG00000106538.10
262,0.099318065,ENSG00000146674.15
263,0.22039725,ENSG00000123496.8
264,0.11456449,ENSG00000106624.11
265,0.290866,ENSG00000047457.14
266,0.24225868,ENSG00000104112.9
267,0.09545863,ENSG00000196090.12
268,0.11544362,ENSG00000163220.11
269,0.09712584,ENSG00000168779.20
270,0.11116214,ENSG00000185274.12
271,0.16335027,ENSG00000177108.5
272,0.10583327,ENSG00000112715.25
273,0.22893077,ENSG00000111249.14
274,0.10123194,ENSG00000145864.14
275,0.11008575,ENSG00000169006.7
276,0.25878507,ENSG00000134871.19
277,0.11597341,ENSG00000069535.14
278,0.119960964,ENSG00000164687.11
279,0.10956848,ENSG00000103316.12
280,0.31306726,ENSG00000117152.14
281,0.12993266,ENSG00000204262.14
282,0.12264821,ENSG00000131435.13
283,0.124156035,ENSG00000257017.9
284,0.10078981,ENSG00000118160.14
285,0.12176901,ENSG00000197903.8
286,0.09190447,ENSG00000106236.4
287,0.14917156,ENSG00000104833.12
288,0.10450978,ENSG00000102359.8
289,0.11313908,ENSG00000139200.14
290,0.094161,ENSG00000103089.9
291,0.15329337,ENSG00000005513.10
292,0.15454203,ENSG00000205809.9
293,0.16072361,ENSG00000145451.13
294,0.17958821,ENSG00000174607.11
295,0.08673309,ENSG00000188064.10
296,0.26964855,ENSG00000116983.13
297,0.2154492,ENSG00000116254.18
298,0.08167376,ENSG00000092051.17
299,0.10941013,ENSG00000187902.11
300,0.10595139,ENSG00000139874.6
301,0.12201744,ENSG00000273079.6
302,0.16387852,ENSG00000072182.13
303,0.10911579,ENSG00000152932.8
304,0.14803843,ENSG00000100095.19
305,0.11501962,ENSG00000231764.10
306,0.13839228,ENSG00000198804.2
307,0.14209758,ENSG00000173705.9
308,0.1748667,ENSG00000138944.8
309,0.20146471,ENSG00000101311.16
310,0.107618675,ENSG00000121905.10
311,0.10932132,ENSG00000101327.9
312,0.2857555,ENSG00000244230.3
313,0.099673815,ENSG00000131094.4
314,0.0922843,ENSG00000127585.12
315,0.09955167,ENSG00000148848.14
316,0.21034999,ENSG00000114115.10
317,0.13681154,ENSG00000136928.7
318,0.10067665,ENSG00000201772.1
319,0.29315364,ENSG00000172005.11
320,0.20873971,ENSG00000182718.18
321,0.10823359,ENSG00000163630.11
322,0.46865553,ENSG00000060718.22
323,0.1333979,ENSG00000006327.14
324,0.08893062,ENSG00000136750.13
325,0.13137981,ENSG00000136235.17
326,0.12690696,ENSG00000132692.19
327,0.08598268,ENSG00000196132.14
328,0.112822555,ENSG00000168490.14
329,0.11840963,ENSG00000100884.9
330,0.117586784,ENSG00000124140.14
331,0.15197395,ENSG00000168481.9
332,0.12400832,ENSG00000184144.12
333,0.17030786,ENSG00000154027.19
334,0.087548405,ENSG00000264940.5
335,0.14194636,ENSG00000006116.4
336,0.11229348,ENSG00000145358.6
337,0.12030792,ENSG00000187416.12
338,0.17588305,ENSG00000196104.11
339,0.09514959,ENSG00000181790.11
340,0.093389586,ENSG00000054356.14
341,0.0995542,ENSG00000158373.8
342,0.19838548,ENSG00000171450.6
343,0.12130966,ENSG00000100336.17
344,0.123434015,ENSG00000166862.7
345,0.15090889,ENSG00000126583.11
346,0.10111097,ENSG00000101489.20
347,0.18309829,ENSG00000164879.7
348,0.16421181,ENSG00000269821.1
349,0.10542445,ENSG00000105976.16
350,0.11772991,ENSG00000206737.1
351,0.0728915,ENSG00000128342.5
352,0.29750773,ENSG00000133067.17
353,0.2066405,ENSG00000130643.9
354,0.09748899,ENSG00000166257.9
355,0.107485786,ENSG00000161681.16
356,0.10081615,ENSG00000185736.16
357,0.12184914,ENSG00000171724.3
358,0.15109316,ENSG00000111341.10
359,0.14702752,ENSG00000183090.5
360,0.12935385,ENSG00000058335.16
361,0.1932796,ENSG00000170290.4
362,0.20252529,ENSG00000127472.11
363,0.12085939,ENSG00000121742.19
364,0.09872206,ENSG00000283633.1
365,0.26118058,ENSG00000104415.14
366,0.18927582,ENSG00000108691.9
367,0.31852946,ENSG00000205293.5
368,0.12730418,ENSG00000170381.14
369,0.13947803,ENSG00000163661.4
370,0.09770536,ENSG00000120645.12
371,0.11542365,ENSG00000277224.2
372,0.14836928,ENSG00000183248.12
373,0.1039675,ENSG00000084453.16
374,0.1044042,ENSG00000186297.12
375,0.1504995,ENSG00000168993.15
376,0.124463074,ENSG00000089685.15
377,0.1620771,ENSG00000183454.18
378,0.0904435,ENSG00000101825.8
379,0.0923153,ENSG00000174469.23
380,0.084958404,ENSG00000182050.13
381,0.1693534,ENSG00000112319.19
382,0.25975657,ENSG00000237973.1
383,0.093531325,ENSG00000157152.17
384,0.11326362,ENSG00000177103.15
385,0.20555212,ENSG00000011677.13
386,0.1655172,ENSG00000124731.13
387,0.09945931,ENSG00000274290.3
388,0.11512883,ENSG00000245532.9
389,0.12060157,ENSG00000229108.2
390,0.4183085,ENSG00000189223.15
391,0.18743849,ENSG00000072163.20
392,0.16618606,ENSG00000144339.12
393,0.09912889,ENSG00000201998.1
394,0.30233395,ENSG00000278192.1
395,0.23790555,ENSG00000168743.13
396,0.13073023,ENSG00000169562.13
397,0.1196991,ENSG00000077080.10
398,0.1590667,ENSG00000078328.22
399,0.12278822,ENSG00000101204.18
400,0.14127605,ENSG00000132432.14
401,0.09543636,ENSG00000145832.14
402,0.1129984,ENSG00000253910.2
403,0.13922803,ENSG00000167281.19
404,0.23632427,ENSG00000170561.13
405,0.2087522,ENSG00000169436.17
406,0.14332788,ENSG00000101057.16
407,0.13075104,ENSG00000207008.1
408,0.2722482,ENSG00000134548.11
409,0.16034968,ENSG00000142798.20
410,0.095989406,ENSG00000059915.17
411,0.13154799,ENSG00000131771.14
412,0.1085081,ENSG00000171435.14
413,0.15484673,ENSG00000167755.15
414,0.1080363,ENSG00000090382.7
415,0.14350471,ENSG00000078725.13
416,0.14390181,ENSG00000147889.18
417,0.1352506,ENSG00000135426.16
418,0.15934083,ENSG00000169783.13
419,0.15035069,ENSG00000196735.13
420,0.16361697,ENSG00000240490.3
421,0.11122566,ENSG00000171848.16
422,0.27528113,ENSG00000188803.15
423,0.20955232,ENSG00000142700.12
424,0.13206007,ENSG00000091513.16
425,0.17437896,ENSG00000073792.16
426,0.139753,ENSG00000135447.17
427,0.09836077,ENSG00000178233.18
428,0.1868595,ENSG00000198626.17
429,0.14944343,ENSG00000199683.1
430,0.11284903,ENSG00000262074.7
431,0.21151927,ENSG00000164076.17
432,0.12494406,ENSG00000159409.15
433,0.14327735,ENSG00000176406.23
434,0.11145614,ENSG00000204099.12
435,0.10368235,ENSG00000145247.12
436,0.115558214,ENSG00000272398.6
437,0.118594594,ENSG00000165238.16
438,0.12006742,ENSG00000170549.4
439,0.19792196,ENSG00000125740.14
440,0.18090953,ENSG00000060982.15
441,0.083261535,ENSG00000122733.12
442,0.13359547,ENSG00000013297.12
443,0.10441035,ENSG00000211895.5
444,0.32572156,ENSG00000258986.7
445,0.26368114,ENSG00000137142.5
446,0.13411142,ENSG00000198838.14
447,0.115949735,ENSG00000178171.11
448,0.2559451,ENSG00000151834.16
449,0.097827025,ENSG00000124920.14
450,0.15372123,ENSG00000176728.10
451,0.08920759,ENSG00000186732.14
452,0.16358277,ENSG00000041982.16
453,0.17681228,ENSG00000137573.14
454,0.26374915,ENSG00000253305.2
455,0.08979328,ENSG00000134215.16
456,0.16209005,ENSG00000146122.17
457,0.1398784,ENSG00000177519.4
458,0.21911365,ENSG00000218336.9
459,0.1218532,ENSG00000006071.15
460,0.12854221,ENSG00000144191.12
461,0.11619976,ENSG00000144681.10
462,0.3130527,ENSG00000113805.8
463,0.13011068,ENSG00000120049.20
464,0.2782519,ENSG00000164530.15
465,0.1261554,ENSG00000164434.12
466,0.119704016,ENSG00000166006.14
467,0.1057159,ENSG00000258754.8
468,0.12795162,ENSG00000211445.12
469,0.16004282,ENSG00000162105.19
470,0.12753597,ENSG00000139767.10
471,0.11186266,ENSG00000110786.18
472,0.097419865,ENSG00000013293.6
473,0.11804454,ENSG00000175832.13
474,0.1077919,ENSG00000136297.15
475,0.14323199,ENSG00000264916.2
476,0.2876414,ENSG00000187122.17
477,0.106890745,ENSG00000038945.15
478,0.14103483,ENSG00000074410.14
479,0.18882489,ENSG00000169245.6
480,0.12994687,ENSG00000101198.15
481,0.13083829,ENSG00000115107.20
482,0.18890975,ENSG00000236824.2
483,0.10848932,ENSG00000237541.4
484,0.08217798,ENSG00000260903.3
485,0.13942142,ENSG00000261934.2
486,0.14978659,ENSG00000139329.5
487,0.11588505,ENSG00000162728.5
488,0.101463534,ENSG00000187730.9
489,0.12787914,ENSG00000120093.11
490,0.22962227,ENSG00000197415.12
491,0.1243558,ENSG00000137766.17
492,0.16954856,ENSG00000122861.16
493,0.19915627,ENSG00000146352.13
494,0.14711255,ENSG00000157064.11
495,0.19370475,ENSG00000260918.1
496,0.30363387,ENSG00000276070.5
497,0.23941867,ENSG00000153822.14
498,0.12442449,ENSG00000067842.17
499,0.10985722,ENSG00000187678.10
500,0.16296661,ENSG00000166292.12
501,0.22294411,ENSG00000132932.17
502,0.1133009,ENSG00000157734.14
503,0.23399921,ENSG00000153993.13
504,0.10576597,ENSG00000171368.12
505,0.101486385,ENSG00000204287.14
506,0.09363554,ENSG00000138379.5
507,0.10419212,ENSG00000109158.11
508,0.10744141,ENSG00000161082.13
509,0.10009535,ENSG00000168843.14
510,0.14081164,ENSG00000287566.1
511,0.100797646,ENSG00000105409.19
512,0.10781618,ENSG00000101180.16
513,0.24954507,ENSG00000198300.14
514,0.28750736,ENSG00000124102.5
515,0.15268517,ENSG00000164294.14
516,0.12101932,ENSG00000149926.13
517,0.119175,ENSG00000255571.9
518,0.15846983,ENSG00000168539.4
519,0.09104738,ENSG00000204442.4
520,0.11209735,ENSG00000148826.9
521,0.1387056,ENSG00000122584.13
522,0.11366108,ENSG00000228408.6
523,0.18521832,ENSG00000215612.8
524,0.09352764,ENSG00000109846.9
525,0.14293642,ENSG00000125430.9
526,0.20196013,ENSG00000155511.18
527,0.13934119,ENSG00000164283.13
528,0.11794076,ENSG00000134853.12
529,0.21126641,ENSG00000258227.7
530,0.14840114,ENSG00000182870.13
531,0.1836903,ENSG00000215018.10
532,0.115097575,ENSG00000018280.17
533,0.14315934,ENSG00000273703.2
534,0.11710263,ENSG00000205927.5
535,0.086465806,ENSG00000185567.7
536,0.11642825,ENSG00000225649.6
537,0.1443517,ENSG00000144583.5
538,0.19695713,ENSG00000133019.12
539,0.10880078,ENSG00000175497.17
540,0.21451692,ENSG00000132702.13
541,0.08120548,ENSG00000200314.1
542,0.104077645,ENSG00000184905.9
543,0.121549346,ENSG00000116661.11
544,0.14724866,ENSG00000148600.15
545,0.2659711,ENSG00000175426.11
546,0.32212555,ENSG00000160862.13
547,0.15969616,ENSG00000155966.14
548,0.19936264,ENSG00000134817.11
549,0.09800986,ENSG00000248184.1
550,0.109528564,ENSG00000156076.10
551,0.2203196,ENSG00000185904.12
552,0.1648893,ENSG00000132164.10
553,0.27496716,ENSG00000140090.18
554,0.16956285,ENSG00000244242.2
555,0.44528756,ENSG00000275302.2
556,0.2232009,ENSG00000117724.13
557,0.14096561,ENSG00000275830.2
558,0.08331465,ENSG00000018625.15
559,0.19030263,ENSG00000227097.5
560,0.23508637,ENSG00000174343.6
561,0.10684404,ENSG00000189058.9
562,0.13067885,ENSG00000075035.10
563,0.14015411,ENSG00000113209.9
564,0.118756905,ENSG00000266187.2
565,0.13779268,ENSG00000087495.17
566,0.10962616,ENSG00000159167.12
567,0.08716992,ENSG00000152954.12
568,0.07542664,ENSG00000066279.18
569,0.14481854,ENSG00000280809.4
570,0.08854724,ENSG00000115194.11
571,0.11171527,ENSG00000272412.2
572,0.15039933,ENSG00000115041.13
573,0.1524449,ENSG00000179344.16
574,0.16238452,ENSG00000107159.13
575,0.1062539,ENSG00000148773.14
576,0.11742228,ENSG00000211893.4
577,0.1616985,ENSG00000184368.16
578,0.17980501,ENSG00000233822.4
579,0.2416715,ENSG00000264618.2
580,0.18138471,ENSG00000115112.8
581,0.17946589,ENSG00000129195.16
582,0.166136,ENSG00000176956.13
583,0.14634182,ENSG00000105649.10
584,0.12792368,ENSG00000178235.8
585,0.17047554,ENSG00000154080.14
586,0.10356999,ENSG00000148408.13
587,0.18817762,ENSG00000079841.18
588,0.17964146,ENSG00000131981.16
589,0.15164259,ENSG00000129682.16
590,0.18312606,ENSG00000179178.11
591,0.16208722,ENSG00000260230.5
592,0.13022266,ENSG00000197837.3
593,0.18262434,ENSG00000187653.11
594,0.1620318,ENSG00000152377.14
595,0.18340006,ENSG00000188641.14
596,0.13228251,ENSG00000164588.8
597,0.115329824,ENSG00000189056.14
598,0.14331418,ENSG00000225746.13
599,0.18475424,ENSG00000115414.21
600,0.14739738,ENSG00000175063.17
601,0.12014496,ENSG00000090104.12
602,0.22182605,ENSG00000179292.5
603,0.089316495,ENSG00000198502.6
604,0.3010583,ENSG00000120738.8
605,0.22457837,ENSG00000185352.8
606,0.15704483,ENSG00000140479.18
607,0.16553348,ENSG00000066248.15
608,0.10018244,ENSG00000008118.10
609,0.17139058,ENSG00000101638.14
610,0.10485338,ENSG00000258926.2
611,0.28986746,ENSG00000136546.16
612,0.23692085,ENSG00000196353.11
613,0.124033645,ENSG00000171476.22
614,0.09522432,ENSG00000203747.12
615,0.12248267,ENSG00000151952.16
616,0.17664924,ENSG00000075461.6
617,0.0837145,ENSG00000125845.7
618,0.19004516,ENSG00000141750.7
619,0.12791415,ENSG00000158445.10
620,0.120133676,ENSG00000126733.21
621,0.14533854,ENSG00000183715.13
622,0.115390345,ENSG00000128710.6
623,0.102196,ENSG00000145526.12
624,0.1414794,ENSG00000188536.13
625,0.15795575,ENSG00000204681.11
626,0.1062137,ENSG00000113083.15
627,0.1055965,ENSG00000103184.12
628,0.10358482,ENSG00000204347.4
629,0.12396966,ENSG00000136542.9
630,0.108787484,ENSG00000106004.5
631,0.10935102,ENSG00000173267.14
632,0.15208708,ENSG00000212402.1
633,0.48304772,ENSG00000276085.1
634,0.11493406,ENSG00000114757.19
635,0.1151853,ENSG00000101438.4
636,0.2884616,ENSG00000262655.4
637,0.14048183,ENSG00000147255.19
638,0.13189347,ENSG00000162692.12
639,0.2606967,ENSG00000124194.17
640,0.10626983,ENSG00000125730.17
641,0.119606845,ENSG00000213760.11
642,0.33343726,ENSG00000152578.13
643,0.10639395,ENSG00000205929.11
644,0.10248026,ENSG00000108309.14
645,0.118186444,ENSG00000237949.2
646,0.1482496,ENSG00000100276.10
647,0.17182718,ENSG00000172260.15
648,0.10458666,ENSG00000148604.15
649,0.10717026,ENSG00000267014.6
650,0.10630607,ENSG00000157766.19
651,0.15012282,ENSG00000186493.13
652,0.08833476,ENSG00000173110.8
653,0.09184013,ENSG00000266524.3
654,0.11476735,ENSG00000186369.10
655,0.18635237,ENSG00000092969.12
656,0.10921561,ENSG00000180616.9
657,0.105066866,ENSG00000185742.7
658,0.09271703,ENSG00000172461.11
659,0.19183598,ENSG00000104313.20
660,0.114591196,ENSG00000123342.16
661,0.24817425,ENSG00000092758.18
662,0.11154648,ENSG00000136960.13
663,0.37333494,ENSG00000211459.2
664,0.11747941,ENSG00000011347.10
665,0.16752054,ENSG00000171303.7
666,0.14610828,ENSG00000018236.15
667,0.14355624,ENSG00000129990.15
668,0.11381775,ENSG00000188580.15
669,0.16095477,ENSG00000130513.6
670,0.15547737,ENSG00000006128.12
671,0.116570584,ENSG00000104368.19
672,0.32630366,ENSG00000145681.11
673,0.11074321,ENSG00000214548.18
674,0.11829369,ENSG00000237515.9
675,0.12920548,ENSG00000105143.12
676,0.11504213,ENSG00000224057.1
677,0.13349727,ENSG00000159403.18
678,0.17176563,ENSG00000147256.12
679,0.08947389,ENSG00000196154.12
680,0.27047953,ENSG00000081479.15
681,0.1273969,ENSG00000147676.14
682,0.09266464,ENSG00000157005.4
683,0.2253966,ENSG00000068078.20
684,0.110816576,ENSG00000165443.12
685,0.11061196,ENSG00000164124.11
686,0.12189147,ENSG00000075043.19
687,0.08820236,ENSG00000165795.23
688,0.22672781,ENSG00000170837.3
689,0.16627946,ENSG00000276547.1
690,0.113496356,ENSG00000115468.12
691,0.10796523,ENSG00000180638.19
692,0.09344536,ENSG00000196126.11
693,0.15801865,ENSG00000143546.10
694,0.11091069,ENSG00000105605.7
695,0.18049628,ENSG00000117228.10
696,0.1863651,ENSG00000204278.12
697,0.09982824,ENSG00000186472.20
698,0.116487905,ENSG00000171051.9
699,0.16131628,ENSG00000147488.11
700,0.10816859,ENSG00000154928.18
701,0.112462625,ENSG00000112984.12
702,0.098234534,ENSG00000125810.10
703,0.21520694,ENSG00000112309.11
704,0.16116928,ENSG00000239742.3
705,0.110132106,ENSG00000110881.12
706,0.24534559,ENSG00000105877.18
707,0.23323971,ENSG00000110077.14
708,0.29298,ENSG00000204314.12
709,0.09355849,ENSG00000131401.11
710,0.14517224,ENSG00000130287.14
711,0.1914817,ENSG00000099725.14
712,0.25326577,ENSG00000241560.7
713,0.15239024,ENSG00000113763.12
714,0.08630508,ENSG00000138771.16
715,0.23306337,ENSG00000154478.4
716,0.09987033,ENSG00000157782.9
717,0.14206566,ENSG00000180801.14
718,0.11876835,ENSG00000197977.4
719,0.08694007,ENSG00000106483.12
720,0.18481386,ENSG00000091879.14
721,0.16820125,ENSG00000240606.3
722,0.12542382,ENSG00000142408.6
723,0.121642955,ENSG00000135472.9
724,0.12685914,ENSG00000091490.11
725,0.108954236,ENSG00000184408.10
726,0.09895222,ENSG00000176244.7
727,0.12513183,ENSG00000142871.18
728,0.117745124,ENSG00000137673.9
729,0.14399113,ENSG00000102924.12
730,0.15723836,ENSG00000102290.22
731,0.16273637,ENSG00000128714.6
732,0.14360513,ENSG00000226608.3
733,0.094145685,ENSG00000166159.11
734,0.13117534,ENSG00000179869.15
735,0.3354116,ENSG00000100285.10
736,0.23633382,ENSG00000091136.15
737,0.15473484,ENSG00000011083.9
738,0.10173556,ENSG00000279602.1
739,0.11520466,ENSG00000105835.12
740,0.098327816,ENSG00000133878.9
741,0.12684879,ENSG00000152137.8
742,0.10808869,ENSG00000140600.17
743,0.09760571,ENSG00000026025.16
744,0.10486896,ENSG00000266720.2
745,0.15909919,ENSG00000197249.14
746,0.08230462,ENSG00000155980.13
747,0.12590022,ENSG00000187135.7
748,0.2751111,ENSG00000138829.12
749,0.14815292,ENSG00000123610.5
750,0.14096355,ENSG00000172995.16
751,0.113080494,ENSG00000184613.11
752,0.10660351,ENSG00000164794.9
753,0.091065235,ENSG00000187486.5
754,0.12211272,ENSG00000139438.6
755,0.31006277,ENSG00000163064.7
756,0.15193357,ENSG00000124440.16
757,0.25860244,ENSG00000176294.6
758,0.106385596,ENSG00000139970.17
759,0.13357596,ENSG00000172965.17
760,0.09173352,ENSG00000214652.6
761,0.11656589,ENSG00000144485.11
762,0.113337316,ENSG00000265727.2
763,0.14609312,ENSG00000148204.12
764,0.21643457,ENSG00000231389.7
765,0.10281203,ENSG00000166342.19
766,0.10871313,ENSG00000186642.16
767,0.18592621,ENSG00000117399.14
768,0.12897015,ENSG00000147883.12
769,0.14696483,ENSG00000198785.7
770,0.20929438,ENSG00000169184.6
771,0.09389922,ENSG00000188488.14
772,0.1264504,ENSG00000134201.12
773,0.28218222,ENSG00000155659.15
774,0.13483128,ENSG00000253230.9
775,0.09435836,ENSG00000015592.16
776,0.15377833,ENSG00000063015.20
777,0.2865731,ENSG00000187955.12
778,0.108167104,ENSG00000127561.15
779,0.09805344,ENSG00000065361.16
780,0.110995315,ENSG00000165474.8
781,0.22776155,ENSG00000165409.18
782,0.09828178,ENSG00000107105.15
783,0.122160256,ENSG00000164309.15
784,0.10734725,ENSG00000130477.15
785,0.10199343,ENSG00000168959.14
786,0.13477878,ENSG00000170893.4
787,0.1022994,ENSG00000182195.9
788,0.1677554,ENSG00000046604.13
789,0.28740463,ENSG00000182836.10
790,0.1587503,ENSG00000206052.11
791,0.11754762,ENSG00000167588.13
792,0.35266486,ENSG00000104332.12
793,0.07824114,ENSG00000101210.13
794,0.17770192,ENSG00000145934.16
795,0.23146772,ENSG00000162989.5
796,0.13135473,ENSG00000222041.11
797,0.12829483,ENSG00000233670.7
798,0.08870746,ENSG00000162374.18
799,0.084040634,ENSG00000111799.21
800,0.093399644,ENSG00000162706.13
801,0.14986023,ENSG00000144834.14
802,0.10163492,ENSG00000197238.5
803,0.17068364,ENSG00000213719.8
804,0.1313458,ENSG00000148053.17
805,0.22226405,ENSG00000006747.15
806,0.23780306,ENSG00000149654.11
807,0.09938133,ENSG00000112096.19
808,0.13766515,ENSG00000164199.18
809,0.107709475,ENSG00000111344.11
810,0.09217228,ENSG00000164176.13
811,0.2195579,ENSG00000084628.10
812,0.26907593,ENSG00000072694.21
813,0.15110478,ENSG00000150051.14
814,0.20906529,ENSG00000120875.9
815,0.24645163,ENSG00000110436.13
816,0.18018904,ENSG00000144481.17
817,0.2597166,ENSG00000179520.11
818,0.16042034,ENSG00000122585.8
819,0.12650585,ENSG00000274750.2
820,0.10790981,ENSG00000254221.2
821,0.13838491,ENSG00000133800.9
822,0.11137982,ENSG00000144290.17
823,0.12108158,ENSG00000211448.13
824,0.08398367,ENSG00000234797.5
825,0.11876042,ENSG00000103460.17
826,0.2023202,ENSG00000109113.20
827,0.22608294,ENSG00000225972.1
828,0.11565753,ENSG00000138435.16
829,0.1487199,ENSG00000152495.11
830,0.11505673,ENSG00000196581.11
831,0.11136494,ENSG00000107807.13
832,0.1148287,ENSG00000180818.5
833,0.2572345,ENSG00000185942.13
834,0.14041731,ENSG00000155886.11
835,0.09553166,ENSG00000109107.14
836,0.24436595,ENSG00000075213.11
837,0.30079368,ENSG00000208892.1
838,0.19301867,ENSG00000260314.3
839,0.14715594,ENSG00000107317.13
840,0.14733176,ENSG00000253159.3
841,0.09626533,ENSG00000200959.1
842,0.09673516,ENSG00000106123.12
843,0.13603985,ENSG00000099365.11
844,0.19172737,ENSG00000124145.6
845,0.13208818,ENSG00000214402.7
846,0.17455705,ENSG00000139973.16
847,0.10678757,ENSG00000182326.15
848,0.2047594,ENSG00000129654.8
849,0.10738046,ENSG00000168140.5
850,0.13504003,ENSG00000182600.9
851,0.09155269,ENSG00000167771.6
852,0.11283436,ENSG00000167553.16
853,0.17927869,ENSG00000171532.5
854,0.2524951,ENSG00000135842.17
855,0.1381608,ENSG00000101938.15
856,0.13968235,ENSG00000124107.5
857,0.097037256,ENSG00000152910.19
858,0.21199138,ENSG00000221946.8
859,0.086814635,ENSG00000100678.19
860,0.12138749,ENSG00000141668.10
861,0.09769716,ENSG00000128683.14
862,0.16769645,ENSG00000179388.9
863,0.14819737,ENSG00000054803.4
864,0.14792454,ENSG00000183773.15
865,0.1531596,ENSG00000139915.21
866,0.17627774,ENSG00000157227.13
867,0.11386015,ENSG00000183691.6
868,0.16394092,ENSG00000263874.2
869,0.08923647,ENSG00000169933.16
870,0.14059433,ENSG00000165731.20
871,0.15783565,ENSG00000196091.15
872,0.13694862,ENSG00000185737.13
873,0.12315374,ENSG00000004468.13
874,0.07906593,ENSG00000168078.10
875,0.2288798,ENSG00000163536.13
876,0.15637076,ENSG00000126787.13
877,0.21727596,ENSG00000156959.9
878,0.09681714,ENSG00000152208.13
879,0.14705186,ENSG00000274588.2
880,0.09005519,ENSG00000149131.17
881,0.087699465,ENSG00000048540.15
882,0.13700745,ENSG00000162645.13
883,0.13816448,ENSG00000101349.17
884,0.17233762,ENSG00000132821.12
885,0.17852911,ENSG00000075429.9
886,0.103329405,ENSG00000196569.13
887,0.11933667,ENSG00000135439.11
888,0.2718695,ENSG00000118898.16
889,0.22738749,ENSG00000134531.10
890,0.16796125,ENSG00000198216.12
891,0.35691008,ENSG00000155265.11
892,0.19732654,ENSG00000159713.11
893,0.16642475,ENSG00000182636.8
894,0.21669607,ENSG00000105697.9
895,0.1571603,ENSG00000092054.13
896,0.11986848,ENSG00000207955.5
897,0.10053968,ENSG00000225792.2
898,0.19426782,ENSG00000142449.13
899,0.14472157,ENSG00000154175.18
900,0.21805099,ENSG00000197582.5
901,0.163409,ENSG00000202357.1
902,0.108621255,ENSG00000168913.7
903,0.16170815,ENSG00000072041.17
904,0.13323545,ENSG00000175084.12
905,0.33880404,ENSG00000139364.10
906,0.166144,ENSG00000075275.18
907,0.10838389,ENSG00000003436.16
908,0.08602465,ENSG00000122756.15
909,0.1652922,ENSG00000196083.10
910,0.1365312,ENSG00000165304.8
911,0.43362716,ENSG00000162543.6
912,0.29458693,ENSG00000178965.14
913,0.20304376,ENSG00000277200.1
914,0.12305029,ENSG00000105270.15
915,0.11644035,ENSG00000103154.9
916,0.094877005,ENSG00000169891.18
917,0.15447524,ENSG00000165973.19
918,0.114867404,ENSG00000134121.10
919,0.13377811,ENSG00000026508.20
920,0.12560435,ENSG00000105376.5
921,0.29517275,ENSG00000266439.2
922,0.11592706,ENSG00000197921.6
923,0.24268125,ENSG00000149575.9
924,0.118886374,ENSG00000132205.11
925,0.1573136,ENSG00000198719.9
926,0.21981953,ENSG00000233705.7
927,0.1584942,ENSG00000124134.9
928,0.102822125,ENSG00000115380.20
929,0.1409312,ENSG00000181234.9
930,0.22152053,ENSG00000015413.9
931,0.31474236,ENSG00000198938.2
932,0.14485537,ENSG00000155657.28
933,0.18820496,ENSG00000136535.15
934,0.105221525,ENSG00000165566.12
935,0.2650607,ENSG00000129951.19
936,0.23344316,ENSG00000165379.13
937,0.17707816,ENSG00000129244.9
938,0.12922645,ENSG00000168874.13
939,0.089435145,ENSG00000203685.10
940,0.111226976,ENSG00000166501.14
941,0.11858655,ENSG00000197696.10
942,0.14176114,ENSG00000226939.1
943,0.13142815,ENSG00000171617.14
944,0.17818886,ENSG00000198157.11
945,0.18280044,ENSG00000165152.9
946,0.15655519,ENSG00000135750.15
947,0.09404948,ENSG00000123689.6
948,0.15516637,ENSG00000060709.15
949,0.10017516,ENSG00000156687.11
950,0.097242296,ENSG00000168309.18
951,0.11999483,ENSG00000180573.9
952,0.102804124,ENSG00000132965.10
953,0.13694252,ENSG00000198576.4
954,0.64830756,ENSG00000170962.13
955,0.09663357,ENSG00000089116.4
956,0.10228173,ENSG00000102271.14
957,0.09162255,ENSG00000177679.16
958,0.105955966,ENSG00000140067.6
959,0.1872339,ENSG00000132470.14
960,0.30022535,ENSG00000170775.3
961,0.10113934,ENSG00000007171.18
962,0.10570239,ENSG00000222489.1
963,0.21552557,ENSG00000058404.20
964,0.14842783,ENSG00000175161.14
965,0.13038498,ENSG00000087250.9
966,0.13393085,ENSG00000179542.16
967,0.32812324,ENSG00000169851.15
968,0.12989715,ENSG00000130222.11
969,0.12640056,ENSG00000186462.9
970,0.1060629,ENSG00000130558.20
971,0.110309765,ENSG00000158856.18
972,0.13703369,ENSG00000253873.6
973,0.14767966,ENSG00000164742.16
974,0.14857881,ENSG00000009694.13
975,0.10241161,ENSG00000197261.11
976,0.08319121,ENSG00000220205.9
977,0.1920896,ENSG00000125538.12
978,0.11804424,ENSG00000171885.18
979,0.26415902,ENSG00000245694.10
980,0.2868822,ENSG00000186897.5
981,0.16022599,ENSG00000172137.19
982,0.35262114,ENSG00000204252.14
983,0.31584352,ENSG00000089225.20
984,0.09851842,ENSG00000157613.11
985,0.16572677,ENSG00000152760.10
986,0.092027694,ENSG00000197747.9
987,0.11834641,ENSG00000277363.5
988,0.24401332,ENSG00000083067.23
989,0.098709285,ENSG00000145623.13
990,0.13276571,ENSG00000120833.14
991,0.113007806,ENSG00000196361.10
992,0.13923346,ENSG00000107147.14
993,0.107040495,ENSG00000211897.9
994,0.36417842,ENSG00000166573.6
995,0.13066213,ENSG00000268362.6
996,0.21719451,ENSG00000076826.10
997,0.27561674,ENSG00000196205.8
998,0.09585474,ENSG00000021645.20
999,0.21903002,ENSG00000277918.1
1000,0.12269904,ENSG00000183837.9
1001,0.1014091,ENSG00000111262.6
1002,0.21462445,ENSG00000171189.17
1003,0.11443704,ENSG00000249859.12
1004,0.115496,ENSG00000197444.10
1005,0.19077052,ENSG00000120251.21
1006,0.15778935,ENSG00000162975.5
1007,0.16972008,ENSG00000170624.13
1008,0.1215503,ENSG00000025708.14
1009,0.08902762,ENSG00000183230.17
1010,0.088336065,ENSG00000100167.20
1011,0.19188325,ENSG00000002746.15
1012,0.1289797,ENSG00000109805.10
1013,0.10813518,ENSG00000105974.13
1014,0.09612177,ENSG00000157456.8
1015,0.17679952,ENSG00000158710.15
1016,0.12949276,ENSG00000156140.10
1017,0.46425718,ENSG00000211899.10
1018,0.16328351,ENSG00000273768.1
1019,0.109427914,ENSG00000239398.3
1020,0.39512032,ENSG00000152049.6
1021,0.12087253,ENSG00000164932.13
1022,0.24506049,ENSG00000134460.18
1023,0.08768175,ENSG00000107954.10
1024,0.12274957,ENSG00000176165.12
1025,0.1447779,ENSG00000185760.17
1026,0.10743614,ENSG00000172348.15
1027,0.115060516,ENSG00000011422.12
1028,0.11045704,ENSG00000173452.14
1029,0.1459896,ENSG00000146250.7
1030,0.107649475,ENSG00000223865.11
1031,0.112028815,ENSG00000105278.12
1032,0.12071892,ENSG00000010282.15
1033,0.097823486,ENSG00000161888.11
1034,0.09447388,ENSG00000177807.10
1035,0.11486035,ENSG00000165985.10
1036,0.2019823,ENSG00000169840.5
1037,0.07940451,ENSG00000162873.15
1038,0.17688696,ENSG00000107518.18
1039,0.12200497,ENSG00000166091.21
1040,0.17113994,ENSG00000234377.7
1041,0.11094994,ENSG00000168329.14
1042,0.16503483,ENSG00000145703.16
1043,0.18306182,ENSG00000171951.5
1044,0.13592458,ENSG00000078549.15
1045,0.08900228,ENSG00000225783.8
1046,0.20446616,ENSG00000145087.13
1047,0.09683088,ENSG00000204136.11
1048,0.10841072,ENSG00000158164.7
1049,0.30500308,ENSG00000261786.1
1050,0.36704352,ENSG00000137959.16
1051,0.14303559,ENSG00000146005.4
1052,0.12715818,ENSG00000129038.16
1053,0.11437984,ENSG00000149527.18
1054,0.14876325,ENSG00000102007.11
1055,0.115248956,ENSG00000161642.18
1056,0.095325746,ENSG00000100346.18
1057,0.29939687,ENSG00000090339.9
1058,0.13434592,ENSG00000180914.10
1059,0.2933649,ENSG00000167641.11
1060,0.114875086,ENSG00000197635.11
1061,0.22337528,ENSG00000157890.17
1062,0.11536106,ENSG00000142945.13
1063,0.11268066,ENSG00000183856.11
1064,0.138711,ENSG00000005059.16
1065,0.12426021,ENSG00000242173.10
1066,0.1070799,ENSG00000119946.11
1067,0.21537304,ENSG00000141404.17
1068,0.1073224,ENSG00000101445.10
1069,0.15384239,ENSG00000138135.7
1070,0.18887104,ENSG00000108950.12
1071,0.10116904,ENSG00000225465.9
1072,0.091699794,ENSG00000176788.9
1073,0.1210695,ENSG00000115884.11
1074,0.26166913,ENSG00000232044.7
1075,0.13957594,ENSG00000114279.13
1076,0.100985736,ENSG00000170579.17
1077,0.11964172,ENSG00000161638.11
1078,0.18488613,ENSG00000064300.9
1079,0.13087922,ENSG00000176907.5
1080,0.16434364,ENSG00000131095.13
1081,0.19701119,ENSG00000117226.12
1082,0.107793584,ENSG00000133958.13
1083,0.1523215,ENSG00000102003.11
1084,0.12155968,ENSG00000253953.3
1085,0.13542332,ENSG00000171992.13
1086,0.1461163,ENSG00000229391.7
1087,0.11652893,ENSG00000229847.9
1088,0.18140745,ENSG00000164308.17
1089,0.15827526,ENSG00000149257.16
1090,0.12333483,ENSG00000106976.21
1091,0.22310664,ENSG00000174807.4
1092,0.14536974,ENSG00000073756.12
1093,0.31674352,ENSG00000019169.10
1094,0.19499864,ENSG00000013588.9
1095,0.11151999,ENSG00000127325.19
1096,0.10280684,ENSG00000269190.6
1097,0.084906384,ENSG00000196767.9
1098,0.17486428,ENSG00000197182.14
1099,0.13363338,ENSG00000111058.8
1100,0.15542302,ENSG00000112936.19
1101,0.42690796,ENSG00000077264.15
1102,0.13261259,ENSG00000019582.15
1103,0.1382324,ENSG00000112796.10
1104,0.12469488,ENSG00000010327.10
1105,0.09584298,ENSG00000174938.14
1106,0.080095544,ENSG00000168952.15
1107,0.13809915,ENSG00000178394.5
1108,0.19044402,ENSG00000096060.15
1109,0.13703294,ENSG00000264169.2
1110,0.11603747,ENSG00000203335.5
1111,0.20574737,ENSG00000102468.11
1112,0.08959894,ENSG00000114646.10
1113,0.39318287,ENSG00000169313.10
1114,0.23670349,ENSG00000200792.1
1115,0.15573108,ENSG00000167772.12
1116,0.11967629,ENSG00000133063.16
1117,0.13970643,ENSG00000197177.15
1118,0.11858768,ENSG00000158258.16
1119,0.24425335,ENSG00000162595.7
1120,0.109527886,ENSG00000088325.16
1121,0.13998142,ENSG00000187474.5
1122,0.13547409,ENSG00000135549.15
1123,0.12688312,ENSG00000139354.11
1124,0.1763172,ENSG00000119698.12
1125,0.1459021,ENSG00000182732.18
1126,0.11043016,ENSG00000115461.5
1127,0.11527661,ENSG00000175445.17
1128,0.14796771,ENSG00000157150.5
1129,0.31173372,ENSG00000145721.12
1130,0.16034907,ENSG00000187608.10
1131,0.0886156,ENSG00000118432.12
1132,0.20147422,ENSG00000106333.13
1133,0.23628002,ENSG00000170345.10
1134,0.1152503,ENSG00000276956.1
1135,0.1389284,ENSG00000165300.7
1136,0.34935817,ENSG00000103569.10
1137,0.2231241,ENSG00000171551.12
1138,0.12325627,ENSG00000158865.12
1139,0.1102584,ENSG00000203930.12
1140,0.14221434,ENSG00000215218.4
1141,0.1593887,ENSG00000159674.12
1142,0.12931742,ENSG00000187134.14
1143,0.18607615,ENSG00000132554.20
1144,0.17906258,ENSG00000205704.7
1145,0.2306784,ENSG00000116544.12
1146,0.12378711,ENSG00000176204.13
1147,0.15033856,ENSG00000168135.4
1148,0.22181734,ENSG00000011028.14
1149,0.08639098,ENSG00000179915.24
1150,0.17700619,ENSG00000123485.12
1151,0.20640284,ENSG00000143333.7
1152,0.111545876,ENSG00000137726.17
1153,0.14852692,ENSG00000164611.13
1154,0.2812325,ENSG00000168824.14
1155,0.11463146,ENSG00000144115.17
1156,0.1555739,ENSG00000225840.2
1157,0.12215568,ENSG00000145335.17
1158,0.23708302,ENSG00000204967.12
1159,0.107019424,ENSG00000148482.12
1160,0.1021367,ENSG00000118733.17
1161,0.21525605,ENSG00000148357.16
1162,0.12939335,ENSG00000122254.7
1163,0.11670817,ENSG00000144057.15
1164,0.115190476,ENSG00000072840.13
1165,0.17442155,ENSG00000167037.19
1166,0.106968954,ENSG00000148082.10
1167,0.27006912,ENSG00000149948.14
1168,0.095314205,ENSG00000179083.6
1169,0.08116042,ENSG00000144355.15
1170,0.115483224,ENSG00000164161.10
1171,0.11504429,ENSG00000204065.3
1172,0.09367155,ENSG00000143768.13
1173,0.13584782,ENSG00000137812.20
1174,0.27629387,ENSG00000106565.18
1175,0.1562014,ENSG00000116745.7
1176,0.12725975,ENSG00000112164.6
1177,0.11313194,ENSG00000110492.15
1178,0.37022907,ENSG00000089250.19
1179,0.16253418,ENSG00000161509.14
1180,0.08903482,ENSG00000111676.15
1181,0.13247207,ENSG00000186231.17
1182,0.199108,ENSG00000128709.13
1183,0.08736357,ENSG00000182968.5
1184,0.11111713,ENSG00000261701.7
1185,0.11739533,ENSG00000117525.14
1186,0.08554184,ENSG00000239224.3
1187,0.12547056,ENSG00000172638.13
1188,0.10316542,ENSG00000135903.20
1189,0.23107901,ENSG00000188039.16
1190,0.15841602,ENSG00000204071.10
1191,0.15435438,ENSG00000115353.11
1192,0.085761346,ENSG00000176381.6
1193,0.16374871,ENSG00000116852.15
1194,0.42777836,ENSG00000122877.16
1195,0.13479704,ENSG00000253293.5
1196,0.17083792,ENSG00000144152.13
1197,0.12716475,ENSG00000178999.13
1198,0.10908529,ENSG00000198822.10
1199,0.15806818,ENSG00000162490.7
1200,0.11629992,ENSG00000169679.15
1201,0.16574942,ENSG00000117266.16
1202,0.10332478,ENSG00000182601.7
1203,0.10591285,ENSG00000139352.4
1204,0.11698029,ENSG00000062096.15
1205,0.18058884,ENSG00000167178.16
1206,0.1186064,ENSG00000099284.15
1207,0.15936881,ENSG00000154914.17
1208,0.10264746,ENSG00000074527.13
1209,0.08790679,ENSG00000149927.18
1210,0.15231967,ENSG00000267136.1
1211,0.22579682,ENSG00000108231.14
1212,0.10978881,ENSG00000163191.6
1213,0.11011457,ENSG00000275803.1
1214,0.12966372,ENSG00000149451.18
1215,0.16498889,ENSG00000236279.7
1216,0.37182066,ENSG00000101098.13
1217,0.11605426,ENSG00000177363.5
1218,0.17577885,ENSG00000215156.5
1219,0.23041697,ENSG00000235750.10
1220,0.33793765,ENSG00000152661.9
1221,0.2669268,ENSG00000151150.22
1222,0.16765206,ENSG00000188730.5
1223,0.1137778,ENSG00000279118.1
1224,0.08969767,ENSG00000170458.14
1225,0.12313034,ENSG00000181409.14
1226,0.16211683,ENSG00000198028.4
1227,0.12766348,ENSG00000198010.13
1228,0.13240866,ENSG00000166923.12
1229,0.19284622,ENSG00000131080.15
1230,0.1764139,ENSG00000158560.14
1231,0.3364987,ENSG00000153902.14
1232,0.0898984,ENSG00000215397.4
1233,0.100741595,ENSG00000164761.9
1234,0.121658,ENSG00000100292.18
1235,0.33185285,ENSG00000178531.6
1236,0.10895933,ENSG00000127824.14
1237,0.33061904,ENSG00000112559.15
1238,0.099089,ENSG00000169515.8
1239,0.13766195,ENSG00000160963.14
1240,0.10473668,ENSG00000155897.10
1241,0.3470148,ENSG00000196139.14
1242,0.10216087,ENSG00000087258.16
1243,0.25982106,ENSG00000181291.8
1244,0.15206496,ENSG00000168546.11
1245,0.1393195,ENSG00000188573.8
1246,0.123407476,ENSG00000140807.7
1247,0.2141874,ENSG00000007516.14
1248,0.22797857,ENSG00000137968.16
1249,0.1007463,ENSG00000100097.12
1250,0.09769193,ENSG00000130592.17
1251,0.4240338,ENSG00000126709.15
1252,0.3311811,ENSG00000143226.15
1253,0.26117662,ENSG00000175206.10
1254,0.088014156,ENSG00000141622.14
1255,0.16870132,ENSG00000198963.11
1256,0.10569021,ENSG00000140557.12
1257,0.21375518,ENSG00000152214.14
1258,0.09245321,ENSG00000004799.8
1259,0.085835546,ENSG00000155052.14
1260,0.19473292,ENSG00000165023.7
1261,0.09781329,ENSG00000125813.13
1262,0.123704836,ENSG00000042493.16
1263,0.13467368,ENSG00000072657.9
1264,0.31286994,ENSG00000178568.15
1265,0.09807324,ENSG00000182492.16
1266,0.20574918,ENSG00000179593.16
1267,0.105676465,ENSG00000140945.17
1268,0.224849,ENSG00000183960.9
1269,0.43729958,ENSG00000090889.12
1270,0.18621998,ENSG00000237649.8
1271,0.12608874,ENSG00000196136.18
1272,0.09914626,ENSG00000167371.21
1273,0.14332148,ENSG00000161798.7
1274,0.2340739,ENSG00000141198.16
1275,0.28055927,ENSG00000162458.13
1276,0.2716787,ENSG00000184307.16
1277,0.16258614,ENSG00000164112.13
1278,0.099717386,ENSG00000215845.11
1279,0.11702387,ENSG00000107984.10
1280,0.15608707,ENSG00000111206.13
1281,0.12922423,ENSG00000175264.8
1282,0.13185565,ENSG00000176749.9
1283,0.13306028,ENSG00000225178.5
1284,0.20883544,ENSG00000143355.16
1285,0.092518605,ENSG00000179583.19
1286,0.26572505,ENSG00000088827.12
1287,0.3277083,ENSG00000198597.9
1288,0.16187365,ENSG00000021300.14
1289,0.12945598,ENSG00000139292.13
1290,0.17834257,ENSG00000134028.14
1291,0.11108766,ENSG00000101680.15
1292,0.12917992,ENSG00000107438.9
1293,0.1087477,ENSG00000135476.12
1294,0.27619725,ENSG00000228232.1
1295,0.17298503,ENSG00000054179.12
1296,0.11563161,ENSG00000224924.7
1297,0.27831936,ENSG00000176076.7
1298,0.32117018,ENSG00000176014.13
1299,0.14717141,ENSG00000183072.10
1300,0.23364775,ENSG00000102109.9
1301,0.12766613,ENSG00000170312.16
1302,0.26386413,ENSG00000130876.11
1303,0.22136705,ENSG00000137807.16
1304,0.095903255,ENSG00000105613.10
1305,0.18554616,ENSG00000180354.16
1306,0.24239607,ENSG00000138061.12
1307,0.16539319,ENSG00000150394.14
1308,0.13426398,ENSG00000164398.15
1309,0.11069732,ENSG00000124772.12
1310,0.25027615,ENSG00000108924.14
1311,0.13613555,ENSG00000262223.8
1312,0.2495901,ENSG00000112280.17
1313,0.16684102,ENSG00000105559.12
1314,0.14516895,ENSG00000105357.19
1315,0.10434647,ENSG00000153253.19
1316,0.41061744,ENSG00000142549.9
1317,0.11703121,ENSG00000181215.15
1318,0.10320057,ENSG00000174460.4
1319,0.1019289,ENSG00000113212.7
1320,0.22277333,ENSG00000213553.4
1321,0.08779091,ENSG00000053108.17
1322,0.15482497,ENSG00000124302.13
1323,0.3051677,ENSG00000068976.14
1324,0.1062717,ENSG00000165891.16
1325,0.20230944,ENSG00000163827.13
1326,0.15332642,ENSG00000186193.9
1327,0.11667497,ENSG00000135976.20
1328,0.23432992,ENSG00000002933.9
1329,0.12837347,ENSG00000156298.13
1330,0.22380371,ENSG00000157542.11
1331,0.11557453,ENSG00000132744.8
1332,0.12652831,ENSG00000184672.12
1333,0.10206945,ENSG00000133816.17
1334,0.15407693,ENSG00000128285.4
1335,0.12925488,ENSG00000154645.14
1336,0.26582998,ENSG00000184524.6
1337,0.11216123,ENSG00000061337.15
1338,0.15101153,ENSG00000136854.24
1339,0.16546912,ENSG00000174521.7
1340,0.16704285,ENSG00000112290.13
1341,0.0863301,ENSG00000266875.2
1342,0.11304213,ENSG00000224389.9
1343,0.1903267,ENSG00000134013.16
1344,0.20739898,ENSG00000086300.16
1345,0.17831731,ENSG00000135245.10
1346,0.10591926,ENSG00000105011.9
1347,0.3137008,ENSG00000144426.18
1348,0.19078305,ENSG00000024526.17
1349,0.146815,ENSG00000099822.3
1350,0.10843614,ENSG00000176720.6
1351,0.14711499,ENSG00000175879.9
1352,0.10566768,ENSG00000185046.18
1353,0.16768466,ENSG00000254416.6
1354,0.23200525,ENSG00000134595.9
1355,0.09868157,ENSG00000007174.18
1356,0.1405036,ENSG00000172380.6
1357,0.14251252,ENSG00000117069.15
1358,0.0789548,ENSG00000198944.6
1359,0.3194531,ENSG00000171587.15
1360,0.11619149,ENSG00000204624.8
1361,0.091811374,ENSG00000277233.1
1362,0.14397348,ENSG00000050767.17
1363,0.08423525,ENSG00000164061.5
1364,0.08781481,ENSG00000135451.13
1365,0.11649366,ENSG00000286619.1
1366,0.16021276,ENSG00000136267.14
1367,0.21291846,ENSG00000166106.3
1368,0.17545599,ENSG00000198846.6
1369,0.11131316,ENSG00000165730.16
1370,0.17412128,ENSG00000248485.2
1371,0.16967416,ENSG00000118322.14
1372,0.13210097,ENSG00000124766.7
1373,0.15115306,ENSG00000066735.14
1374,0.16043599,ENSG00000165983.14
1375,0.10630254,ENSG00000121039.10
1376,0.3151898,ENSG00000250284.3
1377,0.19387533,ENSG00000272636.4
1378,0.12797289,ENSG00000128016.7
1379,0.46663302,ENSG00000287064.1
1380,0.112433426,ENSG00000101542.10
1381,0.14480357,ENSG00000112852.7
1382,0.123982005,ENSG00000184731.6
1383,0.09158986,ENSG00000076344.16
1384,0.098067865,ENSG00000117154.12
1385,0.1773407,ENSG00000254377.6
1386,0.11047106,ENSG00000108381.11
1387,0.0821804,ENSG00000067840.12
1388,0.25337857,ENSG00000134873.10
1389,0.18245475,ENSG00000156970.13
1390,0.17331846,ENSG00000170370.12
1391,0.08908634,ENSG00000174740.8
1392,0.45000467,ENSG00000050030.16
1393,0.19401196,ENSG00000205364.4
1394,0.11097298,ENSG00000145794.17
1395,0.14341637,ENSG00000169432.18
1396,0.1724022,ENSG00000149418.11
1397,0.10702364,ENSG00000184515.11
1398,0.1542525,ENSG00000236790.6
1399,0.2534238,ENSG00000171798.18
1400,0.09173998,ENSG00000099985.4
1401,0.1026863,ENSG00000267339.7
1402,0.12438216,ENSG00000183908.7
1403,0.12518254,ENSG00000173391.9
1404,0.09133092,ENSG00000174939.11
1405,0.12435253,ENSG00000241859.7
1406,0.33405277,ENSG00000139220.17
1407,0.108015895,ENSG00000221890.6
1408,0.09971732,ENSG00000069011.16
1409,0.111094885,ENSG00000143476.18
1410,0.09011422,ENSG00000183775.11
1411,0.10272783,ENSG00000197901.12
1412,0.12588988,ENSG00000128242.13
1413,0.1433804,ENSG00000145147.20
1414,0.3016578,ENSG00000113739.10
1415,0.19908932,ENSG00000078295.17
1416,0.1613227,ENSG00000256235.2
1417,0.11614593,ENSG00000101955.15
1418,0.13286479,ENSG00000169860.7
1419,0.19207226,ENSG00000277494.2
1420,0.09098564,ENSG00000164600.7
1421,0.11259353,ENSG00000104327.7
1422,0.12658714,ENSG00000249992.2
1423,0.1413458,ENSG00000173369.17
1424,0.1153122,ENSG00000063180.9
1425,0.16215159,ENSG00000186907.8
1426,0.26646012,ENSG00000204291.11
1427,0.15742454,ENSG00000058866.15
1428,0.09904906,ENSG00000108018.15
1429,0.16926813,ENSG00000110887.8
1430,0.100128785,ENSG00000241175.3
1431,0.21482833,ENSG00000152784.16
1432,0.209582,ENSG00000164056.11
1433,0.13791788,ENSG00000198121.13
1434,0.2683045,ENSG00000123080.12
1435,0.31007242,ENSG00000185985.11
1436,0.22041047,ENSG00000004776.13
1437,0.10895394,ENSG00000077942.19
1438,0.20058554,ENSG00000169116.11
1439,0.083810344,ENSG00000122367.20
1440,0.11847585,ENSG00000250366.3
1441,0.112335615,ENSG00000134042.14
1442,0.22094275,ENSG00000198673.10
1443,0.110662036,ENSG00000115232.14
1444,0.104316145,ENSG00000126861.5
1445,0.18474907,ENSG00000185666.15
1446,0.15980269,ENSG00000188162.12
1447,0.30058178,ENSG00000223764.2
1448,0.33117107,ENSG00000170075.9
1449,0.21826638,ENSG00000183196.10
1450,0.103558145,ENSG00000135519.8
1451,0.12981178,ENSG00000151552.12
1452,0.13146691,ENSG00000173372.17
1453,0.13478713,ENSG00000105810.10
1454,0.12895362,ENSG00000179399.15
1455,0.24028954,ENSG00000126803.9
1456,0.23673253,ENSG00000164746.14
1457,0.3218902,ENSG00000164418.21
1458,0.11184089,ENSG00000170961.7
1459,0.1413742,ENSG00000157423.18
1460,0.23372199,ENSG00000267594.5
1461,0.08846877,ENSG00000185924.7
1462,0.14406502,ENSG00000127241.18
1463,0.17563753,ENSG00000104899.8
1464,0.10862751,ENSG00000206633.1
1465,0.084315576,ENSG00000235655.3
1466,0.23925647,ENSG00000147872.10
1467,0.14740865,ENSG00000138759.19
1468,0.10038766,ENSG00000173917.10
1469,0.097155884,ENSG00000273319.1
1470,0.13705204,ENSG00000159216.19
1471,0.41962102,ENSG00000145242.13
1472,0.259317,ENSG00000183662.11
1473,0.1813477,ENSG00000122574.11
1474,0.30965886,ENSG00000151136.15
1475,0.3373629,ENSG00000154188.10
1476,0.12851448,ENSG00000151789.12
1477,0.19804877,ENSG00000196358.11
1478,0.31143677,ENSG00000173376.14
1479,0.13349742,ENSG00000183317.17
1480,0.257501,ENSG00000287550.1
1481,0.25312585,ENSG00000233913.7
1482,0.11708448,ENSG00000167858.13
1483,0.17171234,ENSG00000174501.14
1484,0.092913695,ENSG00000129009.13
1485,0.2758412,ENSG00000197405.8
1486,0.11916478,ENSG00000005379.17
1487,0.0896336,ENSG00000141526.17
1488,0.45597214,ENSG00000165457.14
1489,0.19720086,ENSG00000106031.9
1490,0.21191171,ENSG00000138669.9
1491,0.21901296,ENSG00000172020.13
1492,0.121694595,ENSG00000070159.14
1493,0.1777421,ENSG00000176887.7
1494,0.09806329,ENSG00000008735.14
1495,0.1442664,ENSG00000244731.8
1496,0.24170302,ENSG00000162733.19
1497,0.12289923,ENSG00000064989.13
1498,0.09788314,ENSG00000155760.2
1499,0.1017236,ENSG00000212864.3
1500,0.122177616,ENSG00000124406.16
1501,0.094153315,ENSG00000087303.18
1502,0.09487408,ENSG00000173404.5
1503,0.21651143,ENSG00000197496.6
1504,0.16980496,ENSG00000160716.6
1505,0.10997625,ENSG00000131242.18
1506,0.23464268,ENSG00000124762.14
1507,0.1595625,ENSG00000167011.9
1508,0.11605583,ENSG00000185610.6
1509,0.13072738,ENSG00000147655.12
1510,0.11640367,ENSG00000091428.18
1511,0.106210046,ENSG00000157087.20
1512,0.16120869,ENSG00000091664.9
1513,0.15908548,ENSG00000163364.10
1514,0.20525864,ENSG00000122679.8
1515,0.21304053,ENSG00000122012.14
1516,0.17780079,ENSG00000165168.8
1517,0.086636156,ENSG00000173898.14
1518,0.16894162,ENSG00000104611.12
1519,0.116556734,ENSG00000163618.18
1520,0.14524965,ENSG00000000971.16
1521,0.10043936,ENSG00000080986.13
1522,0.16222383,ENSG00000088882.8
1523,0.098956496,ENSG00000106484.16
1524,0.08883263,ENSG00000167971.16
1525,0.28579935,ENSG00000133055.9
1526,0.14471883,ENSG00000122642.11
1527,0.11285473,ENSG00000238961.1
1528,0.11884074,ENSG00000266420.2
1529,0.13214846,ENSG00000112742.10
1530,0.09961719,ENSG00000111218.12
1531,0.208146,ENSG00000162817.7
1532,0.1173562,ENSG00000147065.17
1533,0.11345521,ENSG00000137203.15
1534,0.26864165,ENSG00000123119.12
1535,0.13681458,ENSG00000053524.12
1536,0.19884898,ENSG00000119866.22
1537,0.09997959,ENSG00000182742.6
1538,0.11654298,ENSG00000157103.12
1539,0.14650139,ENSG00000159228.13
1540,0.13491873,ENSG00000086205.18
1541,0.11203242,ENSG00000151725.12
1542,0.1393299,ENSG00000003137.8
1543,0.27262124,ENSG00000019991.18
1544,0.10269469,ENSG00000112297.18
1545,0.095821574,ENSG00000135862.6
1546,0.10551146,ENSG00000208772.1
1547,0.11382565,ENSG00000121933.19
1548,0.2786489,ENSG00000106066.15
1549,0.10176169,ENSG00000008300.17
1550,0.22588451,ENSG00000164627.18
1551,0.17316899,ENSG00000134057.15
1552,0.08752909,ENSG00000164171.11
1553,0.14087768,ENSG00000207445.1
1554,0.23571973,ENSG00000182132.14
1555,0.1487374,ENSG00000160781.17
1556,0.3348724,ENSG00000197083.11
1557,0.1543108,ENSG00000126500.3
1558,0.10910501,ENSG00000189410.12
1559,0.10535096,ENSG00000136160.17
1560,0.24540803,ENSG00000119630.14
1561,0.11902914,ENSG00000109610.6
1562,0.09453097,ENSG00000100399.16
1563,0.26144436,ENSG00000089127.14
1564,0.11790984,ENSG00000164651.17
1565,0.13006774,ENSG00000124785.9
1566,0.26937228,ENSG00000154678.18
1567,0.24003622,ENSG00000124191.18
1568,0.16330625,ENSG00000169946.14
1569,0.15665051,ENSG00000165092.13
1570,0.13832691,ENSG00000154319.16
1571,0.095410876,ENSG00000265813.2
1572,0.11777758,ENSG00000136099.13
1573,0.118169226,ENSG00000153956.16
1574,0.152698,ENSG00000186868.16
1575,0.103730075,ENSG00000248587.8
1576,0.12650737,ENSG00000169213.7
1577,0.27529538,ENSG00000140015.20
1578,0.17992541,ENSG00000157570.12
1579,0.12034265,ENSG00000012124.17
1580,0.08857164,ENSG00000117016.10
1581,0.13620815,ENSG00000162745.10
1582,0.14913788,ENSG00000125814.17
1583,0.103894435,ENSG00000005884.18
1584,0.14070381,ENSG00000169083.18
1585,0.21358263,ENSG00000163017.14
1586,0.09852645,ENSG00000163430.12
1587,0.101463474,ENSG00000150995.20
1588,0.09170691,ENSG00000265753.2
1589,0.32259613,ENSG00000072110.15
1590,0.12602319,ENSG00000134690.11
1591,0.12368132,ENSG00000171540.8
1592,0.09598636,ENSG00000268089.3
1593,0.17105596,ENSG00000130707.18
1594,0.1246768,ENSG00000105997.22
1595,0.14431556,ENSG00000133169.6
1596,0.20463316,ENSG00000111371.16
1597,0.20425683,ENSG00000011465.18
1598,0.33329558,ENSG00000134321.12
1599,0.16623485,ENSG00000108387.15
1600,0.12946546,ENSG00000262209.3
1601,0.08658144,ENSG00000108684.15
1602,0.17665003,ENSG00000157856.12
1603,0.09342,ENSG00000224272.2
1604,0.1397066,ENSG00000110148.10
1605,0.20022829,ENSG00000183117.19
1606,0.11328303,ENSG00000091622.16
1607,0.11171392,ENSG00000198768.11
1608,0.28360713,ENSG00000071991.9
1609,0.1821534,ENSG00000110079.18
1610,0.093759,ENSG00000184661.14
1611,0.11452275,ENSG00000204767.4
1612,0.21832003,ENSG00000026559.14
1613,0.21822433,ENSG00000121871.4
1614,0.112929255,ENSG00000165507.9
1615,0.09100744,ENSG00000118193.12
1616,0.36627802,ENSG00000250305.9
1617,0.31357583,ENSG00000157601.14
1618,0.12866884,ENSG00000151948.12
1619,0.17651927,ENSG00000095970.17
1620,0.13637552,ENSG00000144908.14
1621,0.23701596,ENSG00000198744.5
1622,0.18446526,ENSG00000073737.17
1623,0.10556951,ENSG00000141837.21
1624,0.11374076,ENSG00000149571.12
1625,0.087076895,ENSG00000156966.7
1626,0.35739896,ENSG00000102445.20
1627,0.18278863,ENSG00000249306.6
1628,0.09582092,ENSG00000146090.16
1629,0.09397612,ENSG00000255043.1
1630,0.16696477,ENSG00000237807.4
1631,0.22170553,ENSG00000138166.6
1632,0.10206408,ENSG00000174672.16
1633,0.23700616,ENSG00000183036.11
1634,0.1362915,ENSG00000241231.2
1635,0.09436593,ENSG00000100504.17
1636,0.104011945,ENSG00000132530.17
1637,0.094452634,ENSG00000206172.8
1638,0.19968991,ENSG00000183570.16
1639,0.10459403,ENSG00000145386.11
1640,0.28752562,ENSG00000174721.10
1641,0.28149208,ENSG00000152284.5
1642,0.14137743,ENSG00000075223.14
1643,0.12336881,ENSG00000080854.16
1644,0.15836294,ENSG00000172458.4
1645,0.20744903,ENSG00000112379.9
1646,0.26149657,ENSG00000185008.17
1647,0.27851763,ENSG00000121207.12
1648,0.14918055,ENSG00000175352.11
1649,0.0902744,ENSG00000168243.11
1650,0.22739756,ENSG00000149090.12
1651,0.27484727,ENSG00000228594.4
1652,0.16064166,ENSG00000146151.14
1653,0.12425718,ENSG00000117650.13
1654,0.10121595,ENSG00000236581.9
1655,0.15705588,ENSG00000061938.20
1656,0.25191334,ENSG00000154874.15
1657,0.095357,ENSG00000286071.1
1658,0.10136685,ENSG00000187193.9
1659,0.09690677,ENSG00000139178.11
1660,0.1596297,ENSG00000129538.14
1661,0.24534404,ENSG00000141485.17
1662,0.116717674,ENSG00000173040.13
1663,0.15170774,ENSG00000242574.9
1664,0.24670395,ENSG00000140839.11
1665,0.18270186,ENSG00000167680.17
1666,0.103828356,ENSG00000137462.9
1667,0.095009714,ENSG00000106688.12
1668,0.4612112,ENSG00000124205.18
1669,0.08340801,ENSG00000244682.7
1670,0.1461053,ENSG00000138316.11
1671,0.10807348,ENSG00000124374.9
1672,0.2869805,ENSG00000178726.7
1673,0.2474549,ENSG00000206579.9
1674,0.087679334,ENSG00000033122.21
1675,0.13238841,ENSG00000006740.17
1676,0.090911485,ENSG00000115252.18
1677,0.123266675,ENSG00000112394.17
1678,0.42891875,ENSG00000157168.20
1679,0.2555696,ENSG00000277632.2
1680,0.11282881,ENSG00000099194.6
1681,0.10156353,ENSG00000115594.12
1682,0.33615604,ENSG00000008394.13
1683,0.11628935,ENSG00000135324.6
1684,0.10230475,ENSG00000186479.5
1685,0.0823094,ENSG00000156265.16
1686,0.16083738,ENSG00000173157.17
1687,0.208103,ENSG00000100228.12
1688,0.13913731,ENSG00000109832.14
1689,0.14247103,ENSG00000109906.14
1690,0.1271823,ENSG00000168772.11
1691,0.122243315,ENSG00000180440.4
1692,0.29391834,ENSG00000196418.12
1693,0.17405282,ENSG00000239702.3
1694,0.109252736,ENSG00000165105.10
1695,0.132982,ENSG00000130294.17
1696,0.088139094,ENSG00000107902.14
1697,0.16561906,ENSG00000126778.12
1698,0.10969667,ENSG00000163638.13
1699,0.11431046,ENSG00000162670.11
1700,0.08308985,ENSG00000242419.5
1701,0.09333885,ENSG00000125148.7
1702,0.11732706,ENSG00000227579.6
1703,0.1413965,ENSG00000093009.11
1704,0.10926298,ENSG00000102524.11
1705,0.11765448,ENSG00000170396.9
1706,0.10022148,ENSG00000169607.13
1707,0.111327834,ENSG00000166482.12
1708,0.15398079,ENSG00000067606.17
1709,0.25074103,ENSG00000207357.1
1710,0.32955736,ENSG00000125869.10
1711,0.13027702,ENSG00000135333.14
1712,0.08300734,ENSG00000174776.11
1713,0.10258786,ENSG00000197956.10
1714,0.11078955,ENSG00000187634.12
1715,0.11348867,ENSG00000231991.4
1716,0.12790711,ENSG00000172817.4
1717,0.1984267,ENSG00000188322.8
1718,0.17203128,ENSG00000143603.19
1719,0.13852558,ENSG00000164440.15
1720,0.22921617,ENSG00000044524.11
1721,0.13347805,ENSG00000224114.1
1722,0.15746891,ENSG00000180739.14
1723,0.12900017,ENSG00000164303.11
1724,0.091987744,ENSG00000135063.19
1725,0.13947472,ENSG00000144119.4
1726,0.14159343,ENSG00000006283.18
1727,0.11330454,ENSG00000248323.7
1728,0.098701775,ENSG00000204956.5
1729,0.1339479,ENSG00000279166.1
1730,0.121264145,ENSG00000161896.12
1731,0.32250467,ENSG00000168398.7
1732,0.32764217,ENSG00000249669.10
1733,0.09308132,ENSG00000135446.17
1734,0.17436324,ENSG00000169715.15
1735,0.19398828,ENSG00000173947.14
1736,0.29366025,ENSG00000059804.16
1737,0.3885364,ENSG00000105880.7
1738,0.17293397,ENSG00000103811.18
1739,0.124640666,ENSG00000188783.6
1740,0.08792162,ENSG00000286778.1
1741,0.24260646,ENSG00000165124.18
1742,0.10224853,ENSG00000141449.15
1743,0.110160686,ENSG00000165323.15
1744,0.13588746,ENSG00000184261.5
1745,0.12157699,ENSG00000224189.8
1746,0.30367252,ENSG00000171714.12
1747,0.21070208,ENSG00000178031.17
1748,0.11205699,ENSG00000152953.13
1749,0.08389659,ENSG00000156395.13
1750,0.13563237,ENSG00000163888.4
1751,0.1591313,ENSG00000141314.13
1752,0.3664023,ENSG00000154898.15
1753,0.36287197,ENSG00000168505.7
1754,0.12019493,ENSG00000173918.15
1755,0.17952101,ENSG00000041353.10
1756,0.12622601,ENSG00000103056.12
1757,0.11612182,ENSG00000260118.1
1758,0.15356363,ENSG00000236494.2
1759,0.13834882,ENSG00000162772.17
1760,0.18864192,ENSG00000225217.1
1761,0.11173471,ENSG00000242265.6
1762,0.09263757,ENSG00000188596.11
1763,0.12775517,ENSG00000211677.2
1764,0.16566312,ENSG00000204219.11
1765,0.10548044,ENSG00000173175.15
1766,0.12805665,ENSG00000152763.17
1767,0.097992904,ENSG00000007968.7
1768,0.0892446,ENSG00000116106.12
1769,0.1160489,ENSG00000142089.16
1770,0.15539138,ENSG00000196954.14
1771,0.115058735,ENSG00000189057.11
1772,0.0963714,ENSG00000081237.20
1773,0.12109697,ENSG00000229989.4
1774,0.26457962,ENSG00000081818.4
1775,0.09934481,ENSG00000183486.13
1776,0.13813727,ENSG00000163710.9
1777,0.17365168,ENSG00000154451.14
1778,0.11911081,ENSG00000184611.12
1779,0.102162085,ENSG00000233559.2
1780,0.12782533,ENSG00000272163.1
1781,0.22805001,ENSG00000131016.17
1782,0.32427055,ENSG00000150337.13
1783,0.090695135,ENSG00000187323.12
1784,0.13748352,ENSG00000163288.14
1785,0.4365787,ENSG00000237550.5
1786,0.14215958,ENSG00000188042.8
1787,0.12591664,ENSG00000186417.14
1788,0.11288883,ENSG00000128573.26
1789,0.16071314,ENSG00000253552.8
1790,0.3152235,ENSG00000159263.16
1791,0.13752289,ENSG00000132975.8
1792,0.1076484,ENSG00000074706.13
1793,0.21139748,ENSG00000164100.9
1794,0.28950846,ENSG00000106546.14
1795,0.21606633,ENSG00000040608.14
1796,0.09866809,ENSG00000234465.11
1797,0.11691633,ENSG00000105996.7
1798,0.07916063,ENSG00000105290.13
1799,0.14505573,ENSG00000225937.3
1800,0.154987,ENSG00000166483.11
1801,0.4528393,ENSG00000101977.21
1802,0.10785833,ENSG00000260034.1
1803,0.09627756,ENSG00000164188.9
1804,0.12075735,ENSG00000162992.4
1805,0.25938874,ENSG00000070182.21
1806,0.11793553,ENSG00000158859.10
1807,0.12960345,ENSG00000258548.6
1808,0.1067442,ENSG00000136859.10
1809,0.09964455,ENSG00000203709.12
1810,0.11434186,ENSG00000147588.7
1811,0.12984009,ENSG00000240342.3
1812,0.12614721,ENSG00000197565.16
1813,0.11745225,ENSG00000182463.16
1814,0.09895158,ENSG00000168497.5
1815,0.13101858,ENSG00000174453.10
1816,0.12473507,ENSG00000130829.18
1817,0.10790307,ENSG00000179761.12
1818,0.41057944,ENSG00000168447.11
1819,0.09513624,ENSG00000223551.1
1820,0.2924888,ENSG00000259207.9
1821,0.1234335,ENSG00000140092.14
1822,0.1439582,ENSG00000080493.18
1823,0.119473495,ENSG00000120149.9
1824,0.08781785,ENSG00000117114.20
1825,0.10023737,ENSG00000165643.11
1826,0.090198465,ENSG00000221869.5
1827,0.12703952,ENSG00000149591.17
1828,0.11299979,ENSG00000248905.10
1829,0.12998854,ENSG00000137261.14
1830,0.09221778,ENSG00000164649.20
1831,0.14112997,ENSG00000168702.18
1832,0.13783816,ENSG00000128652.11
1833,0.17369428,ENSG00000175267.15
1834,0.12679356,ENSG00000172201.12
1835,0.21853073,ENSG00000121898.13
1836,0.12698422,ENSG00000138778.13
1837,0.12821446,ENSG00000100033.16
1838,0.115091644,ENSG00000174371.17
1839,0.09910551,ENSG00000167779.9
1840,0.12450304,ENSG00000246022.3
1841,0.10324282,ENSG00000198598.6
1842,0.08943205,ENSG00000206077.13
1843,0.09848498,ENSG00000134333.14
1844,0.16096137,ENSG00000213058.3
1845,0.11369431,ENSG00000184254.17
1846,0.13761716,ENSG00000163814.8
1847,0.13152073,ENSG00000115507.10
1848,0.22007585,ENSG00000111275.13
1849,0.16744792,ENSG00000156486.8
1850,0.24529998,ENSG00000198835.4
1851,0.12624209,ENSG00000196169.15
1852,0.10310696,ENSG00000023445.16
1853,0.100558035,ENSG00000102362.15
1854,0.1181949,ENSG00000286710.1
1855,0.12795085,ENSG00000163131.11
1856,0.10471535,ENSG00000177098.9
1857,0.119835146,ENSG00000006432.15
1858,0.11753134,ENSG00000102452.18
1859,0.15725817,ENSG00000260027.5
1860,0.12929861,ENSG00000165929.13
1861,0.118229724,ENSG00000215217.7
1862,0.107381895,ENSG00000157330.10
1863,0.12109219,ENSG00000162545.6
1864,0.1347842,ENSG00000198796.7
1865,0.09311574,ENSG00000086991.13
1866,0.15379652,ENSG00000117115.13
1867,0.10818143,ENSG00000256463.8
1868,0.1683232,ENSG00000197959.14
1869,0.21833318,ENSG00000171812.13
1870,0.19129448,ENSG00000136286.16
1871,0.11686642,ENSG00000004660.15
1872,0.20917328,ENSG00000105642.15
1873,0.09270077,ENSG00000130787.14
1874,0.23182642,ENSG00000188916.9
1875,0.2798044,ENSG00000273238.3
1876,0.23894344,ENSG00000147459.18
1877,0.1134499,ENSG00000002586.20
1878,0.09342207,ENSG00000157445.15
1879,0.20663184,ENSG00000107796.13
1880,0.09441522,ENSG00000160111.14
1881,0.13949224,ENSG00000167549.18
1882,0.11716096,ENSG00000203710.12
1883,0.25090462,ENSG00000134207.17
1884,0.26850104,ENSG00000185615.16
1885,0.14404422,ENSG00000101670.12
1886,0.14412144,ENSG00000183160.9
1887,0.19572936,ENSG00000196924.19
1888,0.11960633,ENSG00000184226.15
1889,0.14618026,ENSG00000165309.14
1890,0.15864868,ENSG00000164946.20
1891,0.14439581,ENSG00000144406.19
1892,0.17488453,ENSG00000227432.1
1893,0.124294385,ENSG00000065328.17
1894,0.20622148,ENSG00000112333.12
1895,0.12611471,ENSG00000267374.2
1896,0.111408524,ENSG00000201758.1
1897,0.31982842,ENSG00000159189.12
1898,0.10662717,ENSG00000104723.21
1899,0.08396995,ENSG00000223703.1
1900,0.20746592,ENSG00000138792.10
1901,0.09468683,ENSG00000261451.1
1902,0.23913516,ENSG00000113205.5
1903,0.19333218,ENSG00000160255.18
1904,0.13992123,ENSG00000111907.21
1905,0.18763025,ENSG00000249158.7
1906,0.15853508,ENSG00000117643.14
1907,0.16003317,ENSG00000111335.13
1908,0.12814374,ENSG00000154529.15
1909,0.1355536,ENSG00000185818.8
1910,0.26222828,ENSG00000100362.13
1911,0.14894494,ENSG00000075218.19
1912,0.33184952,ENSG00000152766.6
1913,0.16429254,ENSG00000253537.3
1914,0.21437915,ENSG00000106089.12
1915,0.104159586,ENSG00000129159.9
1916,0.12031877,ENSG00000105193.9
1917,0.11950584,ENSG00000002587.10
1918,0.18012275,ENSG00000182901.17
1919,0.33623272,ENSG00000201955.1
1920,0.18560952,ENSG00000225511.7
1921,0.1382668,ENSG00000078114.19
1922,0.44669592,ENSG00000152128.13
1923,0.088284045,ENSG00000134343.14
1924,0.26461402,ENSG00000130303.13
1925,0.19385631,ENSG00000158806.14
1926,0.14087455,ENSG00000166165.13
1927,0.17556393,ENSG00000222969.1
1928,0.22022611,ENSG00000142583.18
1929,0.1120196,ENSG00000152822.14
1930,0.19317763,ENSG00000143850.16
1931,0.17466971,ENSG00000214389.2
1932,0.20814826,ENSG00000078053.17
1933,0.16689028,ENSG00000151025.11
1934,0.09416802,ENSG00000089280.19
1935,0.102079235,ENSG00000106823.12
1936,0.1599725,ENSG00000120322.4
1937,0.2941035,ENSG00000181195.11
1938,0.13930742,ENSG00000136492.9
1939,0.12569438,ENSG00000279400.1
1940,0.1230357,ENSG00000203950.6
1941,0.43316996,ENSG00000173805.16
1942,0.21033587,ENSG00000182168.15
1943,0.11496269,ENSG00000177182.11
1944,0.2679896,ENSG00000095203.14
1945,0.12777612,ENSG00000132386.11
1946,0.14415221,ENSG00000198934.5
1947,0.09974439,ENSG00000109944.11
1948,0.09062102,ENSG00000253767.2
1949,0.32963535,ENSG00000007264.15
1950,0.092199236,ENSG00000170743.17
1951,0.15058225,ENSG00000158715.6
1952,0.11090622,ENSG00000156535.15
1953,0.1449663,ENSG00000175567.11
1954,0.108282626,ENSG00000174514.13
1955,0.096461706,ENSG00000110076.19
1956,0.11983527,ENSG00000146242.9
1957,0.1469569,ENSG00000120129.6
1958,0.12568474,ENSG00000150687.12
1959,0.12044588,ENSG00000206120.11
1960,0.13509215,ENSG00000169908.12
1961,0.13035986,ENSG00000197461.13
1962,0.27920964,ENSG00000146147.15
1963,0.11859439,ENSG00000173210.20
1964,0.09786786,ENSG00000136531.18
1965,0.15262668,ENSG00000080200.10
1966,0.17282759,ENSG00000178602.8
1967,0.11265755,ENSG00000165029.17
1968,0.0826785,ENSG00000206585.1
1969,0.09612605,ENSG00000157470.12
1970,0.124751136,ENSG00000153132.13
1971,0.10954352,ENSG00000167900.12
1972,0.11626768,ENSG00000113578.18
1973,0.120649174,ENSG00000163071.11
1974,0.26127657,ENSG00000167306.20
1975,0.105587736,ENSG00000144802.11
1976,0.1922885,ENSG00000177409.12
1977,0.14334549,ENSG00000171094.18
1978,0.22945227,ENSG00000127863.16
1979,0.09068737,ENSG00000137843.12
1980,0.14761448,ENSG00000003989.18
1981,0.15157016,ENSG00000130208.9
1982,0.10885591,ENSG00000158246.8
1983,0.20790268,ENSG00000274441.1
1984,0.17057545,ENSG00000180747.15
1985,0.13579626,ENSG00000284650.1
1986,0.15181774,ENSG00000175265.17
1987,0.15792698,ENSG00000228459.4
1988,0.24964133,ENSG00000163520.14
1989,0.10256157,ENSG00000285437.1
1990,0.10453952,ENSG00000204851.7
1991,0.112042405,ENSG00000154734.16
1992,0.1458801,ENSG00000164949.8
1993,0.26082474,ENSG00000132465.12
1994,0.3936023,ENSG00000242950.7
1995,0.09929186,ENSG00000263968.2
1996,0.31802958,ENSG00000135218.19
1997,0.12801045,ENSG00000100867.15
1998,0.098424114,ENSG00000253485.2
1999,0.16450495,ENSG00000004848.8
